<?xml version="1.0" encoding="UTF-8"?>
<jcr:root xmlns:jcr="http://www.jcp.org/jcr/1.0" xmlns:nt="http://www.jcp.org/jcr/nt/1.0" xmlns:granite="http://www.adobe.com/jcr/granite/1.0" xmlns:cq="http://www.day.com/jcr/cq/1.0" xmlns:sling="http://sling.apache.org/jcr/sling/1.0"
    jcr:primaryType="cq:Template"
    allowedPaths="[/content/entities(/.*)?]"
    ranking="{Long}100">
    <jcr:content
        cq:lastModified="{Date}2024-09-26T18:32:35.794+10:00"
        cq:lastModifiedBy="admin"
        cq:scaffolding="/conf/headless-skill-up/settings/dam/cfm/models/team/jcr:content/model"
        cq:templateType="/libs/settings/dam/cfm/model-types/fragment"
        jcr:primaryType="cq:PageContent"
        jcr:title="Event Landing Model"
        sling:resourceSuperType="dam/cfm/models/console/components/data/entity"
        sling:resourceType="dam/cfm/models/console/components/data/entity/default"
        status="enabled">
        <metadata jcr:primaryType="nt:unstructured"/>
        <model
            cq:targetPath="/content/entities"
            jcr:primaryType="cq:PageContent"
            sling:resourceType="wcm/scaffolding/components/scaffolding"
            dataTypesConfig="/mnt/overlay/settings/dam/cfm/models/formbuilderconfig/datatypes"
            maxGeneratedOrder="20">
            <cq:dialog
                jcr:primaryType="nt:unstructured"
                sling:resourceType="cq/gui/components/authoring/dialog">
                <content
                    jcr:lastModified="{Date}2024-09-26T18:32:35.794+10:00"
                    jcr:lastModifiedBy="admin"
                    jcr:primaryType="nt:unstructured"
                    sling:resourceType="granite/ui/components/coral/foundation/fixedcolumns">
                    <items
                        jcr:primaryType="nt:unstructured"
                        maxGeneratedOrder="20">
                        <_x0031_654885535066
                            jcr:primaryType="nt:unstructured"
                            sling:resourceType="granite/ui/components/coral/foundation/form/textfield"
                            fieldLabel="Title"
                            listOrder="1"
                            maxlength="255"
                            metaType="text-single"
                            name="title"
                            renderReadOnly="false"
                            required="on"
                            showEmptyInReadOnly="true"
                            valueType="string">
                            <granite:data jcr:primaryType="nt:unstructured"/>
                        </_x0031_654885535066>
                        <_x0031_654885582742
                            jcr:primaryType="nt:unstructured"
                            sling:resourceType="dam/cfm/admin/components/authoring/contenteditor/multieditor"
                            cfm-element="Description"
                            checked="false"
                            default-mime-type="text/html"
                            listOrder="2"
                            metaType="text-multi"
                            name="description"
                            renderReadOnly="false"
                            showEmptyInReadOnly="true"
                            valueType="string/multiline">
                            <granite:data jcr:primaryType="nt:unstructured"/>
                        </_x0031_654885582742>
                        <_x0031_654885612496
                            jcr:primaryType="nt:unstructured"
                            sling:resourceType="dam/cfm/models/editor/components/fragmentreference/multifield"
                            allowNew="{Boolean}true"
                            fieldLabel="Event List"
                            filter="hierarchy"
                            fragmentmodelreference="/conf/headless-skill-up/settings/dam/cfm/models/event"
                            listOrder="9"
                            metaType="fragment-reference"
                            name="eventList"
                            nameSuffix="contentReference"
                            renderReadOnly="false"
                            showEmptyInReadOnly="true"
                            valueType="string/content-fragment[]">
                            <granite:data jcr:primaryType="nt:unstructured"/>
                            <field
                                jcr:primaryType="nt:unstructured"
                                sling:resourceType="dam/cfm/models/editor/components/fragmentreference"
                                fragmentmodelreference="/conf/headless-skill-up/settings/dam/cfm/models/event"
                                name="eventList"
                                renderReadOnly="false">
                                <granite:data jcr:primaryType="nt:unstructured"/>
                            </field>
                        </_x0031_654885612496>
                    </items>
                </content>
            </cq:dialog>
        </model>
    </jcr:content>
</jcr:root>
