<?xml version="1.0" encoding="UTF-8"?>
<jcr:root xmlns:jcr="http://www.jcp.org/jcr/1.0" xmlns:nt="http://www.jcp.org/jcr/nt/1.0" xmlns:cq="http://www.day.com/jcr/cq/1.0" xmlns:sling="http://sling.apache.org/jcr/sling/1.0"
    jcr:isCheckedOut="{Boolean}false"
    jcr:primaryType="cq:WorkflowModel"
    jcr:uuid="400d2264-1678-418c-b4c7-a7eff80da661"
    sling:resourceType="cq/workflow/components/model"
    description="No Description"
    title="Skill Up Workflow">
    <metaData
        cq:generatingPage="/conf/global/settings/workflow/models/skill-up-workflow/jcr:content"
        cq:lastModified="{Long}1727402662442"
        cq:lastModifiedBy="admin"
        jcr:primaryType="nt:unstructured"
        lastSynced="{Date}2024-09-27T12:04:22.412+10:00"/>
    <nodes jcr:primaryType="nt:unstructured">
        <node0
            jcr:primaryType="cq:WorkflowNode"
            title="Start"
            type="START">
            <metaData jcr:primaryType="nt:unstructured"/>
        </node0>
        <node1
            jcr:primaryType="cq:WorkflowNode"
            description="A process to lock the payload."
            title="Lock Page"
            type="PROCESS">
            <metaData
                jcr:primaryType="nt:unstructured"
                PROCESS="com.day.cq.workflow.impl.process.LockProcess"
                PROCESS_AUTO_ADVANCE="true"/>
        </node1>
        <node2
            jcr:primaryType="cq:WorkflowNode"
            title="OR_SPLIT"
            type="OR_SPLIT">
            <metaData jcr:primaryType="nt:unstructured"/>
        </node2>
        <node3
            jcr:primaryType="cq:WorkflowNode"
            title="OR_JOIN"
            type="OR_JOIN">
            <metaData jcr:primaryType="nt:unstructured"/>
        </node3>
        <node4
            jcr:primaryType="cq:WorkflowNode"
            title="US Level 1 Approver"
            type="PARTICIPANT">
            <metaData
                jcr:primaryType="nt:unstructured"
                PARTICIPANT="us-level1-approver"/>
        </node4>
        <node5
            jcr:primaryType="cq:WorkflowNode"
            title="OR_SPLIT"
            type="OR_SPLIT">
            <metaData jcr:primaryType="nt:unstructured"/>
        </node5>
        <node6
            jcr:primaryType="cq:WorkflowNode"
            title="OR_JOIN"
            type="OR_JOIN">
            <metaData jcr:primaryType="nt:unstructured"/>
        </node6>
        <node7
            jcr:primaryType="cq:WorkflowNode"
            description="A sample participant chooser that chooses the workflow initiator as participant."
            title="Assign Back"
            type="DYNAMIC_PARTICIPANT">
            <metaData
                jcr:primaryType="nt:unstructured"
                DYNAMIC_PARTICIPANT="/libs/workflow/scripts/initiator-participant-chooser.ecma"
                PROCESS_AUTO_ADVANCE="true"/>
        </node7>
        <node8
            jcr:primaryType="cq:WorkflowNode"
            title="US Level 2 Approver"
            type="PARTICIPANT">
            <metaData
                jcr:primaryType="nt:unstructured"
                PARTICIPANT="us-level2-approver"/>
        </node8>
        <node9
            jcr:primaryType="cq:WorkflowNode"
            title="OR_SPLIT"
            type="OR_SPLIT">
            <metaData jcr:primaryType="nt:unstructured"/>
        </node9>
        <node10
            jcr:primaryType="cq:WorkflowNode"
            title="OR_JOIN"
            type="OR_JOIN">
            <metaData jcr:primaryType="nt:unstructured"/>
        </node10>
        <node11
            jcr:primaryType="cq:WorkflowNode"
            title="Assign Back to US Level 1 Approver"
            type="PARTICIPANT">
            <metaData
                jcr:primaryType="nt:unstructured"
                PARTICIPANT="us-level1-approver"/>
        </node11>
        <node12
            jcr:primaryType="cq:WorkflowNode"
            description="A process to unlock the payload."
            title="Unlock Payload Process"
            type="PROCESS">
            <metaData
                jcr:primaryType="nt:unstructured"
                PROCESS="com.day.cq.workflow.impl.process.UnlockProcess"
                PROCESS_AUTO_ADVANCE="true"/>
        </node12>
        <node13
            jcr:primaryType="cq:WorkflowNode"
            description="A process to activate a page or asset"
            title="Activate Page/Asset"
            type="PROCESS">
            <metaData
                jcr:primaryType="nt:unstructured"
                PROCESS="com.day.cq.wcm.workflow.process.ActivatePageProcess"
                PROCESS_AUTO_ADVANCE="true"/>
        </node13>
        <node14
            jcr:primaryType="cq:WorkflowNode"
            title="OR_SPLIT"
            type="OR_SPLIT">
            <metaData jcr:primaryType="nt:unstructured"/>
        </node14>
        <node15
            jcr:primaryType="cq:WorkflowNode"
            title="OR_JOIN"
            type="OR_JOIN">
            <metaData jcr:primaryType="nt:unstructured"/>
        </node15>
        <node16
            jcr:primaryType="cq:WorkflowNode"
            description="A sample participant chooser that chooses the workflow initiator as participant."
            title="Assign Back"
            type="DYNAMIC_PARTICIPANT">
            <metaData
                jcr:primaryType="nt:unstructured"
                DYNAMIC_PARTICIPANT="/libs/workflow/scripts/initiator-participant-chooser.ecma"
                PROCESS_AUTO_ADVANCE="true"/>
        </node16>
        <node17
            jcr:primaryType="cq:WorkflowNode"
            description="A process to unlock the payload."
            title="Unlock Payload Process"
            type="PROCESS">
            <metaData
                jcr:primaryType="nt:unstructured"
                PROCESS="com.day.cq.workflow.impl.process.UnlockProcess"
                PROCESS_AUTO_ADVANCE="true"/>
        </node17>
        <node18
            jcr:primaryType="cq:WorkflowNode"
            description="A process to activate a page or asset"
            title="Activate Page/Asset"
            type="PROCESS">
            <metaData
                jcr:primaryType="nt:unstructured"
                PROCESS="com.day.cq.wcm.workflow.process.ActivatePageProcess"
                PROCESS_AUTO_ADVANCE="true"/>
        </node18>
        <node19
            jcr:primaryType="cq:WorkflowNode"
            description="A process to unlock the payload."
            title="Unlock Payload Process"
            type="PROCESS">
            <metaData
                jcr:primaryType="nt:unstructured"
                PROCESS="com.day.cq.workflow.impl.process.UnlockProcess"
                PROCESS_AUTO_ADVANCE="true"/>
        </node19>
        <node20
            jcr:primaryType="cq:WorkflowNode"
            description="A process to activate a page or asset"
            title="Activate Page/Asset"
            type="PROCESS">
            <metaData
                jcr:primaryType="nt:unstructured"
                PROCESS="com.day.cq.wcm.workflow.process.ActivatePageProcess"
                PROCESS_AUTO_ADVANCE="true"/>
        </node20>
        <node21
            jcr:primaryType="cq:WorkflowNode"
            title="End"
            type="END">
            <metaData jcr:primaryType="nt:unstructured"/>
        </node21>
    </nodes>
    <transitions jcr:primaryType="nt:unstructured">
        <node0_x0023_node1
            jcr:primaryType="cq:WorkflowTransition"
            from="node0"
            rule="\0"
            to="node1">
            <metaData jcr:primaryType="nt:unstructured"/>
        </node0_x0023_node1>
        <node1_x0023_node2
            jcr:primaryType="cq:WorkflowTransition"
            from="node1"
            to="node2">
            <metaData jcr:primaryType="nt:unstructured"/>
        </node1_x0023_node2>
        <node2_x0023_node4
            jcr:primaryType="cq:WorkflowTransition"
            from="node2"
            rule="function check() {&#xd;&#xa;    var p = workflowData.getPayload().toString();&#xd;&#xa;    if(p.startsWith(&quot;/content/wknd/us&quot;)){&#xd;&#xa;      log.info(&quot;====EXEC PAYLOAD =US====&quot;+p);&#xd;&#xa;      return true;&#xd;&#xa;    }&#xd;&#xa;    return false;&#xd;&#xa;}"
            to="node4">
            <metaData
                jcr:primaryType="nt:unstructured"
                isDefault="false"/>
        </node2_x0023_node4>
        <node4_x0023_node5
            jcr:primaryType="cq:WorkflowTransition"
            from="node4"
            to="node5">
            <metaData jcr:primaryType="nt:unstructured"/>
        </node4_x0023_node5>
        <node5_x0023_node7
            jcr:primaryType="cq:WorkflowTransition"
            from="node5"
            rule="\0"
            to="node7">
            <metaData
                jcr:primaryType="nt:unstructured"
                isDefault="false"/>
        </node5_x0023_node7>
        <node7_x0023_node6
            jcr:primaryType="cq:WorkflowTransition"
            from="node7"
            to="node6">
            <metaData jcr:primaryType="nt:unstructured"/>
        </node7_x0023_node6>
        <node5_x0023_node8
            jcr:primaryType="cq:WorkflowTransition"
            from="node5"
            rule="\0"
            to="node8">
            <metaData
                jcr:primaryType="nt:unstructured"
                isDefault="false"/>
        </node5_x0023_node8>
        <node8_x0023_node9
            jcr:primaryType="cq:WorkflowTransition"
            from="node8"
            to="node9">
            <metaData jcr:primaryType="nt:unstructured"/>
        </node8_x0023_node9>
        <node9_x0023_node11
            jcr:primaryType="cq:WorkflowTransition"
            from="node9"
            rule="\0"
            to="node11">
            <metaData
                jcr:primaryType="nt:unstructured"
                isDefault="false"/>
        </node9_x0023_node11>
        <node11_x0023_node10
            jcr:primaryType="cq:WorkflowTransition"
            from="node11"
            to="node10">
            <metaData jcr:primaryType="nt:unstructured"/>
        </node11_x0023_node10>
        <node9_x0023_node12
            jcr:primaryType="cq:WorkflowTransition"
            from="node9"
            rule="\0"
            to="node12">
            <metaData
                jcr:primaryType="nt:unstructured"
                isDefault="false"/>
        </node9_x0023_node12>
        <node12_x0023_node13
            jcr:primaryType="cq:WorkflowTransition"
            from="node12"
            rule="\0"
            to="node13">
            <metaData jcr:primaryType="nt:unstructured"/>
        </node12_x0023_node13>
        <node13_x0023_node10
            jcr:primaryType="cq:WorkflowTransition"
            from="node13"
            to="node10">
            <metaData jcr:primaryType="nt:unstructured"/>
        </node13_x0023_node10>
        <node10_x0023_node6
            jcr:primaryType="cq:WorkflowTransition"
            from="node10"
            to="node6">
            <metaData jcr:primaryType="nt:unstructured"/>
        </node10_x0023_node6>
        <node6_x0023_node3
            jcr:primaryType="cq:WorkflowTransition"
            from="node6"
            to="node3">
            <metaData jcr:primaryType="nt:unstructured"/>
        </node6_x0023_node3>
        <node2_x0023_node14
            jcr:primaryType="cq:WorkflowTransition"
            from="node2"
            to="node14">
            <metaData jcr:primaryType="nt:unstructured"/>
        </node2_x0023_node14>
        <node14_x0023_node16
            jcr:primaryType="cq:WorkflowTransition"
            from="node14"
            rule="\0"
            to="node16">
            <metaData
                jcr:primaryType="nt:unstructured"
                isDefault="false"/>
        </node14_x0023_node16>
        <node16_x0023_node15
            jcr:primaryType="cq:WorkflowTransition"
            from="node16"
            to="node15">
            <metaData jcr:primaryType="nt:unstructured"/>
        </node16_x0023_node15>
        <node14_x0023_node17
            jcr:primaryType="cq:WorkflowTransition"
            from="node14"
            rule="\0"
            to="node17">
            <metaData
                jcr:primaryType="nt:unstructured"
                isDefault="false"/>
        </node14_x0023_node17>
        <node17_x0023_node18
            jcr:primaryType="cq:WorkflowTransition"
            from="node17"
            rule="\0"
            to="node18">
            <metaData jcr:primaryType="nt:unstructured"/>
        </node17_x0023_node18>
        <node18_x0023_node15
            jcr:primaryType="cq:WorkflowTransition"
            from="node18"
            to="node15">
            <metaData jcr:primaryType="nt:unstructured"/>
        </node18_x0023_node15>
        <node15_x0023_node3
            jcr:primaryType="cq:WorkflowTransition"
            from="node15"
            to="node3">
            <metaData jcr:primaryType="nt:unstructured"/>
        </node15_x0023_node3>
        <node2_x0023_node19
            jcr:primaryType="cq:WorkflowTransition"
            from="node2"
            rule="function check() {&#xd;&#xa;    var p = workflowData.getPayload().toString();&#xd;&#xa;    if(!(p.startsWith(&quot;/content/wknd/us&quot;) || p.startsWith(&quot;/content/wknd/ca&quot;))){&#xd;&#xa;      log.info(&quot;====EXEC PAYLOAD =ELSE====&quot;+p);&#xd;&#xa;      return true;&#xd;&#xa;    }&#xd;&#xa;}"
            to="node19">
            <metaData
                jcr:primaryType="nt:unstructured"
                isDefault="false"/>
        </node2_x0023_node19>
        <node19_x0023_node20
            jcr:primaryType="cq:WorkflowTransition"
            from="node19"
            rule="\0"
            to="node20">
            <metaData jcr:primaryType="nt:unstructured"/>
        </node19_x0023_node20>
        <node20_x0023_node3
            jcr:primaryType="cq:WorkflowTransition"
            from="node20"
            to="node3">
            <metaData jcr:primaryType="nt:unstructured"/>
        </node20_x0023_node3>
        <node3_x0023_node21
            jcr:primaryType="cq:WorkflowTransition"
            from="node3"
            to="node21">
            <metaData jcr:primaryType="nt:unstructured"/>
        </node3_x0023_node21>
    </transitions>
</jcr:root>
